<?xml version="1.0" encoding="utf-8"?>
<PUBLICATION-LIST CREATE-TIME="1509241009" VERSION="2.0" SITE-ID="6f007fdab7239c080c792dcc43ef7c1e">
  <FILES VERSION="12.5.29.43615.15081314">
    <ITEM>init.php</ITEM>
    <ITEM>Zend/Loader.php</ITEM>
    <ITEM>Zend/Loader</ITEM>
    <ITEM>Zend/Exception.php</ITEM>
    <ITEM>Zend/Config.php</ITEM>
    <ITEM>Zend/Config/Exception.php</ITEM>
    <ITEM>Zend/Controller/Request/Abstract.php</ITEM>
    <ITEM>Zend/Controller/Request/Http.php</ITEM>
    <ITEM>Zend/Controller/Request/Exception.php</ITEM>
    <ITEM>Zend/Mail.php</ITEM>
    <ITEM>Zend/Mail/Transport/Exception.php</ITEM>
    <ITEM>Zend/Mail/Transport/Abstract.php</ITEM>
    <ITEM>Zend/Mail/Transport/Sendmail.php</ITEM>
    <ITEM>Zend/Mail/Exception.php</ITEM>
    <ITEM>Zend/Mime.php</ITEM>
    <ITEM>Zend/Mime/Message.php</ITEM>
    <ITEM>Zend/Mime/Part.php</ITEM>
    <ITEM>Zend/Mime/Exception.php</ITEM>
    <ITEM>Zend/Uri.php</ITEM>
    <ITEM>Zend/Uri/Exception.php</ITEM>
    <ITEM>Zend/Json.php</ITEM>
    <ITEM>Zend/Json/Expr.php</ITEM>
    <ITEM>Zend/Json/Encoder.php</ITEM>
    <ITEM>Zend/Json/Exception.php</ITEM>
  </FILES>
  <ADDITIONALITEMS VERSION="12.5.29.43615.15081314">
    <ITEM>data</ITEM>
    <ITEM>attachments</ITEM>
    <ITEM>attachments/Header</ITEM>
    <ITEM>attachments/Header/published_laundromat.jpg</ITEM>
    <ITEM>css</ITEM>
    <ITEM>css/header-2dbfacad-9146-4134-9202-6a86b0cb0d94.css</ITEM>
    <ITEM>css/text-4e82ec13-e178-4be9-a6d5-c5dfd64f48b3.css</ITEM>
    <ITEM>css/text-5086f051-30ec-884c-c84e-030218634ff4.css</ITEM>
    <ITEM>css/text-0bfb2703-8113-4567-b309-e5aa35035506.css</ITEM>
    <ITEM>css/text-302e67c2-9f2f-4eab-b990-361da15b73dd.css</ITEM>
    <ITEM>css/text-9949fd0c-7e0d-481f-80bd-444f6704ce0f.css</ITEM>
    <ITEM>css/text-e80f90a5-ea47-4228-9953-07bf4dd84b31.css</ITEM>
    <ITEM>attachments/Header/published_laundromat_03.jpg</ITEM>
    <ITEM>css/header-b9382a86-c668-43f5-8fba-aea017411c6d.css</ITEM>
    <ITEM>css/text-167bf830-b1a0-425c-aa66-267724034d3e.css</ITEM>
    <ITEM>css/navigation-dfb94903-3b09-4b86-a160-c99e20984326.css</ITEM>
    <ITEM>css/text-e4e7c30a-c5ae-444c-a6c2-67945f2c38a6.css</ITEM>
    <ITEM>css/text-aee91b9d-faf4-45f8-9928-6795afccd196.css</ITEM>
    <ITEM>css/text-73a7080e-3cb5-406d-95b8-4fafa659d336.css</ITEM>
    <ITEM>css/text-44961338-61cb-4a02-bd04-e8e94fccb373.css</ITEM>
    <ITEM>css/text-0eb064eb-6f5d-2df5-ec09-c0858d183051.css</ITEM>
    <ITEM>css/text-8a1b327e-c2bc-4178-818e-cfbdae48d896.css</ITEM>
    <ITEM>attachments/Header/published_laundromat_01.jpg</ITEM>
    <ITEM>css/header-e5eabaee-81a7-4b90-a398-48b6cb5ba7d2.css</ITEM>
    <ITEM>css/text-f98d32ea-ae3d-4a16-84c8-b3aff49b9600.css</ITEM>
    <ITEM>css/text-8a26dbd5-bc95-d812-238a-71bb76afa94e.css</ITEM>
    <ITEM>css/text-db472928-43e5-49c6-8018-030e8a5b5901.css</ITEM>
    <ITEM>css/text-ef822add-3a77-4295-9170-434b9f03d8cb.css</ITEM>
    <ITEM>js</ITEM>
    <ITEM>js/anti_cache.js</ITEM>
    <ITEM>css/layout.css</ITEM>
    <ITEM>index.html</ITEM>
    <ITEM>home</ITEM>
    <ITEM>home/index.html</ITEM>
    <ITEM>css/text-d1cfe8dc-8482-d5f0-0318-b0638c7ef2d7.css</ITEM>
    <ITEM>css/text-835a6c75-9992-bc69-97e9-32854ff37bd3.css</ITEM>
    <ITEM>css/text-f39c84b0-5226-93f6-767c-c3d06835f9ce.css</ITEM>
    <ITEM>services</ITEM>
    <ITEM>services/index.html</ITEM>
    <ITEM>css/text-6bddb2d5-fa3d-6ab3-2ff4-a4a0e0478ce9.css</ITEM>
    <ITEM>css/text-9d2618f3-3892-8906-cd9d-b4680bb82f09.css</ITEM>
    <ITEM>css/text-1e5265de-3548-01b0-5333-717fe1df0320.css</ITEM>
    <ITEM>css/text-151ad527-6da1-a567-80c0-f00b16b2c717.css</ITEM>
    <ITEM>css/text-0b804ed8-dd7f-bade-202b-b43e7fb3b54f.css</ITEM>
    <ITEM>css/text-d3f6677e-38e1-a104-b1da-6606e63e7aee.css</ITEM>
    <ITEM>locations</ITEM>
    <ITEM>locations/index.html</ITEM>
    <ITEM>css/text-c09acafc-3d42-3ffd-2388-d4274e3d5461.css</ITEM>
    <ITEM>js/jquery.validate.localization.js</ITEM>
    <ITEM>data/e0517975-db94-81a1-db8b-182f3142a581.php</ITEM>
    <ITEM>css/text-0e3c3747-57b7-1344-a9cb-49a443d86e33.css</ITEM>
    <ITEM>css/text-dda36565-06ac-05b9-9136-49ee47957f17.css</ITEM>
    <ITEM>testimonials</ITEM>
    <ITEM>testimonials/index.php</ITEM>
    <ITEM>css/text-17f3a699-b96b-5477-f78d-d13806c1bf4b.css</ITEM>
    <ITEM>css/text-f4c96a97-8fdc-c3a7-37f0-6321611a62e6.css</ITEM>
    <ITEM>css/text-ad11d560-5ac0-919a-92e9-2b19f7957569.css</ITEM>
    <ITEM>coupons-discounts</ITEM>
    <ITEM>coupons-discounts/index.html</ITEM>
    <ITEM>css/text-bd52781c-eba7-2921-4950-d3b135609875.css</ITEM>
    <ITEM>css/text-c25e8029-3ebc-64b4-1693-11f8f11d3a7d.css</ITEM>
    <ITEM>css/text-6a7e98b0-5bca-12ba-5cac-1fdcc358a42d.css</ITEM>
    <ITEM>careers</ITEM>
    <ITEM>careers/index.html</ITEM>
    <ITEM>css/text-c85db33e-2b5c-f78f-02fd-edf97d504c26.css</ITEM>
    <ITEM>css/text-159433e7-1197-cd43-f889-aae44f0d03de.css</ITEM>
    <ITEM>css/text-2b9e023c-d5f0-923c-3a7b-d7fbc9777b92.css</ITEM>
    <ITEM>online-shop</ITEM>
    <ITEM>online-shop/index.html</ITEM>
    <ITEM>css/text-ab60d2dc-6857-872e-937c-ec9fc82f332b.css</ITEM>
    <ITEM>data/4bf69771-6137-82e3-433b-9929855bfaec.php</ITEM>
    <ITEM>css/text-f15c2295-42b2-64ef-b5bc-92c8b403840c.css</ITEM>
    <ITEM>css/text-baf66224-33f2-81f7-5013-adab37c91b6d.css</ITEM>
    <ITEM>contact-us</ITEM>
    <ITEM>contact-us/index.php</ITEM>
    <ITEM>css/style.css</ITEM>
    <ITEM>robots.txt</ITEM>
    <ITEM>sitemap.xml</ITEM>
    <ITEM>fb</ITEM>
    <ITEM>fb/index.html</ITEM>
    <ITEM>fb/home</ITEM>
    <ITEM>fb/home/index.html</ITEM>
    <ITEM>fb/services</ITEM>
    <ITEM>fb/services/index.html</ITEM>
    <ITEM>fb/locations</ITEM>
    <ITEM>fb/locations/index.html</ITEM>
    <ITEM>fb/testimonials</ITEM>
    <ITEM>fb/testimonials/index.php</ITEM>
    <ITEM>fb/coupons-discounts</ITEM>
    <ITEM>fb/coupons-discounts/index.html</ITEM>
    <ITEM>fb/careers</ITEM>
    <ITEM>fb/careers/index.html</ITEM>
    <ITEM>fb/online-shop</ITEM>
    <ITEM>fb/online-shop/index.html</ITEM>
    <ITEM>fb/contact-us</ITEM>
    <ITEM>fb/contact-us/index.php</ITEM>
    <ITEM>css/facebook.css</ITEM>
    <ITEM>attachments/builtin</ITEM>
    <ITEM>attachments/builtin/Logo</ITEM>
    <ITEM>attachments/builtin/Logo/white.png</ITEM>
    <ITEM>attachments/builtin/Header</ITEM>
    <ITEM>attachments/builtin/Header/laundromat.jpg</ITEM>
    <ITEM>attachments/builtin/Header/laundromat_01.jpg</ITEM>
    <ITEM>attachments/builtin/Header/laundromat_03.jpg</ITEM>
    <ITEM>attachments/Image</ITEM>
    <ITEM>attachments/Image/icon-03.png</ITEM>
    <ITEM>attachments/Image/icon-01.png</ITEM>
    <ITEM>attachments/Image/icon-05.png</ITEM>
    <ITEM>attachments/Image/icon-09.png</ITEM>
    <ITEM>attachments/Image/icon-06.png</ITEM>
    <ITEM>attachments/Image/icon-02.png</ITEM>
    <ITEM>attachments/Image/icon-04.png</ITEM>
    <ITEM>attachments/Documents</ITEM>
    <ITEM>attachments/Documents/.htaccess</ITEM>
  </ADDITIONALITEMS>
  <MODULES VERSION="12.5.29.43615.15081314">
    <ITEM>text</ITEM>
    <ITEM>navigation</ITEM>
    <ITEM>contact</ITEM>
  </MODULES>
  <COMPONENTS VERSION="12.5.29.43615.15081314">
    <ITEM>jquery/jquery.min.js</ITEM>
    <ITEM>jquery/jquery.validate.js</ITEM>
    <ITEM>jquery/jquery.textarea-expander.js</ITEM>
  </COMPONENTS>
  <TEMPLATE VERSION="5.0.0"/>
</PUBLICATION-LIST>
